{
	"parent": "item/handheld",
	"textures": {
		"layer0": "item/carrot_on_a_stick"
	},
	"overrides": [
		{ "predicate": { "custom_model_data": 1000}, "model": "symbols/map" },
		{ "predicate": { "custom_model_data": 1101}, "model": "wand/air" },
		{ "predicate": { "custom_model_data": 1102}, "model": "wand/air" },
		{ "predicate": { "custom_model_data": 1103}, "model": "wand/air" },
		{ "predicate": { "custom_model_data": 1201}, "model": "wand/fire" },
		{ "predicate": { "custom_model_data": 1202}, "model": "wand/fire" },
		{ "predicate": { "custom_model_data": 1203}, "model": "wand/fire" },
		{ "predicate": { "custom_model_data": 1301}, "model": "wand/ice" },
		{ "predicate": { "custom_model_data": 1302}, "model": "wand/ice" },
		{ "predicate": { "custom_model_data": 1303}, "model": "wand/ice" },
		{ "predicate": { "custom_model_data": 1401}, "model": "wand/dark" },
		{ "predicate": { "custom_model_data": 1501}, "model": "wand/poison" },
		{ "predicate": { "custom_model_data": 1601}, "model": "wand/thunder" }
	]
}
