{
	"parent": "item/handheld",
	"textures": {
		"layer0": "item/slime_ball"
	},
	"overrides": [
		{ "predicate": { "custom_model_data": 5000}, "model": "symbols/unknown" },
		{ "predicate": { "custom_model_data": 5001}, "model": "symbols/rank/s" },
		{ "predicate": { "custom_model_data": 5002}, "model": "symbols/rank/a" },
		{ "predicate": { "custom_model_data": 5003}, "model": "symbols/rank/b" },
		{ "predicate": { "custom_model_data": 5004}, "model": "symbols/rank/c" },
		{ "predicate": { "custom_model_data": 5005}, "model": "symbols/rank/d" },
		{ "predicate": { "custom_model_data": 5006}, "model": "symbols/info" },
		{ "predicate": { "custom_model_data": 5007}, "model": "symbols/stats" },
		{ "predicate": { "custom_model_data": 5008}, "model": "symbols/mana_capacity" },
		{ "predicate": { "custom_model_data": 5009}, "model": "symbols/rules/main" },
		{ "predicate": { "custom_model_data": 5010}, "model": "symbols/rules/1" },
		{ "predicate": { "custom_model_data": 5011}, "model": "symbols/rules/2" },
		{ "predicate": { "custom_model_data": 5012}, "model": "symbols/rules/3" },
		{ "predicate": { "custom_model_data": 5013}, "model": "symbols/rules/4" },
		{ "predicate": { "custom_model_data": 5014}, "model": "symbols/mob_book/tutorial" },
		{ "predicate": { "custom_model_data": 5015}, "model": "symbols/mob_book/others" },
		{ "predicate": { "custom_model_data": 5016}, "model": "symbols/mob_book/floor_1" },
		{ "predicate": { "custom_model_data": 5017}, "model": "symbols/mob_book/floor_2" },
		{ "predicate": { "custom_model_data": 5018}, "model": "symbols/sets" },
		{ "predicate": { "custom_model_data": 5019}, "model": "symbols/coin" }
  ]
}
