{
	"parent": "item/handheld",
	"textures": {
		"layer0": "item/stick"
	},
	"overrides": [

		{ "predicate": { "custom_model_data": 2101}, "model": "passive/s/vampire_fangs" },
		{ "predicate": { "custom_model_data": 2102}, "model": "passive/s/soul_bag" },
		{ "predicate": { "custom_model_data": 2103}, "model": "passive/s/overlord_insignia" },
		{ "predicate": { "custom_model_data": 2104}, "model": "passive/s/mana_extractor" },
		{ "predicate": { "custom_model_data": 2105}, "model": "passive/s/pandoras_pouch" },
		{ "predicate": { "custom_model_data": 2106}, "model": "passive/s/pool_of_mana" },
		{ "predicate": { "custom_model_data": 2107}, "model": "passive/s/boxing_gloves" },
		{ "predicate": { "custom_model_data": 2108}, "model": "passive/s/stick_of_power" },
		{ "predicate": { "custom_model_data": 2109}, "model": "passive/s/boss_medallion_i" },
		{ "predicate": { "custom_model_data": 2110}, "model": "passive/s/boss_medallion_ii" },
		{ "predicate": { "custom_model_data": 2111}, "model": "passive/s/boss_medallion_iii" },

		{ "predicate": { "custom_model_data": 2201}, "model": "passive/a/devils_book" },
		{ "predicate": { "custom_model_data": 2202}, "model": "passive/a/mana_barrel" },
		{ "predicate": { "custom_model_data": 2203}, "model": "passive/a/rat_boots" },
		{ "predicate": { "custom_model_data": 2204}, "model": "passive/a/pure_rage" },
		{ "predicate": { "custom_model_data": 2205}, "model": "passive/a/sharpening_stone" },
		{ "predicate": { "custom_model_data": 2206}, "model": "passive/a/void_beast" },
		{ "predicate": { "custom_model_data": 2207}, "model": "passive/a/flying_daggers" },
		{ "predicate": { "custom_model_data": 2208}, "model": "passive/a/holy_book" },

		{ "predicate": { "custom_model_data": 2301}, "model": "passive/b/seven_leave_clover" },
		{ "predicate": { "custom_model_data": 2302}, "model": "passive/b/extractor_prototype" },
		{ "predicate": { "custom_model_data": 2303}, "model": "passive/b/armor_nanobots" },
		{ "predicate": { "custom_model_data": 2304}, "model": "passive/b/zelenium_ore" },
		{ "predicate": { "custom_model_data": 2305}, "model": "passive/b/confidence_facade" },
		{ "predicate": { "custom_model_data": 2306}, "model": "passive/b/bloody_bandana" },

		{ "predicate": { "custom_model_data": 2401}, "model": "passive/c/endless_food_crate" },
		{ "predicate": { "custom_model_data": 2402}, "model": "passive/c/basics_of_mana" },
		{ "predicate": { "custom_model_data": 2403}, "model": "passive/c/mana_condenser" },
		{ "predicate": { "custom_model_data": 2404}, "model": "passive/c/blood_bag" },
		{ "predicate": { "custom_model_data": 2405}, "model": "passive/c/fittness_weights" },
		{ "predicate": { "custom_model_data": 2406}, "model": "passive/c/dragon_cape" },
		{ "predicate": { "custom_model_data": 2407}, "model": "passive/c/spinning_stone" },
		{ "predicate": { "custom_model_data": 2408}, "model": "passive/c/ghost_bone" },

		{ "predicate": { "custom_model_data": 2501}, "model": "passive/d/turbo_boots" },
		{ "predicate": { "custom_model_data": 2502}, "model": "passive/d/sloth_curse" },
		{ "predicate": { "custom_model_data": 2503}, "model": "passive/d/horse_shoe" },
		{ "predicate": { "custom_model_data": 2504}, "model": "passive/d/mana_bottle" },
		{ "predicate": { "custom_model_data": 2505}, "model": "passive/d/lunch_box" },
		{ "predicate": { "custom_model_data": 2506}, "model": "passive/d/the_art_of_the_sword" }
	]
}
