{
	"parent": "item/handheld",
	"textures": {
		"layer0": "item/wooden_sword"
	},
	"overrides": [
		{ "predicate": { "custom_model_data": 3000}, "model": "symbols/unknown" },
		{ "predicate": { "custom_model_data": 3001}, "model": "weapon/big_stick" },

		{ "predicate": { "custom_model_data": 3101}, "model": "weapon/s/abcde_sword" },
		{ "predicate": { "custom_model_data": 3102}, "model": "weapon/s/trident" },

		{ "predicate": { "custom_model_data": 3201}, "model": "weapon/a/holy_sword" },
		{ "predicate": { "custom_model_data": 3202}, "model": "weapon/a/ice_sword" },
		{ "predicate": { "custom_model_data": 3203}, "model": "weapon/a/katana" },

		{ "predicate": { "custom_model_data": 3301}, "model": "weapon/b/blazing_sword" },
		{ "predicate": { "custom_model_data": 3302}, "model": "weapon/b/long_sword" },
		{ "predicate": { "custom_model_data": 3303}, "model": "weapon/b/paladin_sword" },

		{ "predicate": { "custom_model_data": 3401}, "model": "weapon/c/dagger" },
		{ "predicate": { "custom_model_data": 3402}, "model": "weapon/c/battle_axe" },
		{ "predicate": { "custom_model_data": 3403}, "model": "weapon/c/iron_spear" },

		{ "predicate": { "custom_model_data": 3501}, "model": "weapon/d/beginners_sword" },
		{ "predicate": { "custom_model_data": 3502}, "model": "weapon/d/slap_fish" },
		{ "predicate": { "custom_model_data": 3503}, "model": "weapon/d/miner_pickaxe" },
		{ "predicate": { "custom_model_data": 3504}, "model": "weapon/d/spear" }
	]
}
