{
	"credit": "Made with Blockbench",
	"gui_light": "front",
	"textures": {
		"0": "wand/wood",
		"1": "wand/metall",
		"2": "wand/dark"
	},
	"elements": [
		{
			"from": [7.5, 0, 7.5],
			"to": [8.5, 12, 8.5],
			"faces": {
				"north": {"uv": [0, 0, 1, 12], "texture": "#0"},
				"east": {"uv": [6, 0, 7, 12], "texture": "#0"},
				"south": {"uv": [2, 0, 3, 12], "texture": "#0"},
				"west": {"uv": [4, 0, 5, 12], "texture": "#0"},
				"up": {"uv": [4, 12.5, 5, 13.5], "texture": "#0"},
				"down": {"uv": [2, 12.5, 3, 13.5], "texture": "#0"}
			}
		},
		{
			"from": [7.5, 12, 7.5],
			"to": [8.5, 13, 8.5],
			"faces": {
				"north": {"uv": [0.5, 0, 1.5, 1], "texture": "#1"},
				"east": {"uv": [0, 0.5, 1, 1.5], "texture": "#1"},
				"south": {"uv": [0, 0, 1, 1], "texture": "#1"},
				"west": {"uv": [0, 0.5, 1, 1.5], "texture": "#1"},
				"up": {"uv": [0, 0, 1, 1], "texture": "#1"},
				"down": {"uv": [0, 0, 1, 1], "texture": "#1"}
			}
		},
		{
			"from": [7, 12.5, 7],
			"to": [9, 13, 9],
			"faces": {
				"north": {"uv": [0, 0.5, 2, 1], "texture": "#1"},
				"east": {"uv": [0, 0.5, 2, 1], "texture": "#1"},
				"south": {"uv": [0, 0.5, 2, 1], "texture": "#1"},
				"west": {"uv": [0, 0.5, 2, 1], "texture": "#1"},
				"up": {"uv": [2.5, 0, 4.5, 2], "texture": "#1"},
				"down": {"uv": [2.5, 0, 4.5, 2], "texture": "#1"}
			}
		},
		{
			"from": [6.5, 13, 7.5],
			"to": [7, 13.5, 8.5],
			"faces": {
				"north": {"uv": [0, 0, 0.5, 0.5], "texture": "#1"},
				"east": {"uv": [0, 0, 1, 0.5], "texture": "#1"},
				"south": {"uv": [0, 0, 0.5, 0.5], "texture": "#1"},
				"west": {"uv": [0, 0, 1, 0.5], "texture": "#1"},
				"up": {"uv": [0, 0, 0.5, 1], "texture": "#1"},
				"down": {"uv": [0, 0, 0.5, 1], "texture": "#1"}
			}
		},
		{
			"from": [9, 13, 7.5],
			"to": [9.5, 13.5, 8.5],
			"faces": {
				"north": {"uv": [0, 0, 0.5, 0.5], "texture": "#1"},
				"east": {"uv": [0, 0, 1, 0.5], "texture": "#1"},
				"south": {"uv": [0, 0, 0.5, 0.5], "texture": "#1"},
				"west": {"uv": [0, 0, 1, 0.5], "texture": "#1"},
				"up": {"uv": [0, 0, 0.5, 1], "texture": "#1"},
				"down": {"uv": [0, 0, 0.5, 1], "texture": "#1"}
			}
		},
		{
			"from": [7.5, 13, 9],
			"to": [8.5, 13.5, 9.5],
			"faces": {
				"north": {"uv": [0, 0, 1, 0.5], "texture": "#1"},
				"east": {"uv": [0, 0, 0.5, 0.5], "texture": "#1"},
				"south": {"uv": [0, 0, 1, 0.5], "texture": "#1"},
				"west": {"uv": [0, 0, 0.5, 0.5], "texture": "#1"},
				"up": {"uv": [0, 0, 1, 0.5], "texture": "#1"},
				"down": {"uv": [0, 0, 1, 0.5], "texture": "#1"}
			}
		},
		{
			"from": [7.5, 13, 6.5],
			"to": [8.5, 13.5, 7],
			"faces": {
				"north": {"uv": [0, 0, 1, 0.5], "texture": "#1"},
				"east": {"uv": [0, 0, 0.5, 0.5], "texture": "#1"},
				"south": {"uv": [0, 0, 1, 0.5], "texture": "#1"},
				"west": {"uv": [0, 0, 0.5, 0.5], "texture": "#1"},
				"up": {"uv": [0, 0, 1, 0.5], "texture": "#1"},
				"down": {"uv": [0, 0, 1, 0.5], "texture": "#1"}
			}
		},
		{
			"from": [7.5, 0.5, 7],
			"to": [8.5, 1, 7.5],
			"faces": {
				"north": {"uv": [0, 2, 1, 2.5], "texture": "#1"},
				"east": {"uv": [0, 2, 0.5, 2.5], "texture": "#1"},
				"south": {"uv": [0, 1.5, 1, 2], "texture": "#1"},
				"west": {"uv": [0, 1.5, 0.5, 2], "texture": "#1"},
				"up": {"uv": [0, 2, 1, 2.5], "texture": "#1"},
				"down": {"uv": [0, 1.5, 1, 2], "texture": "#1"}
			}
		},
		{
			"from": [7.5, 0.5, 8.5],
			"to": [8.5, 1, 9],
			"faces": {
				"north": {"uv": [0, 0, 1, 0.5], "texture": "#1"},
				"east": {"uv": [0, 0, 0.5, 0.5], "texture": "#1"},
				"south": {"uv": [0, 0, 1, 0.5], "texture": "#1"},
				"west": {"uv": [0, 0, 0.5, 0.5], "texture": "#1"},
				"up": {"uv": [0, 0, 1, 0.5], "texture": "#1"},
				"down": {"uv": [0, 0, 1, 0.5], "texture": "#1"}
			}
		},
		{
			"from": [7, 0.5, 7.5],
			"to": [7.5, 1, 8.5],
			"faces": {
				"north": {"uv": [0, 1.5, 0.5, 2], "texture": "#1"},
				"east": {"uv": [0, 0.5, 1, 1], "texture": "#1"},
				"south": {"uv": [0, 0, 0.5, 0.5], "texture": "#1"},
				"west": {"uv": [0, 0.5, 1, 1], "texture": "#1"},
				"up": {"uv": [0.5, 0, 1, 1], "texture": "#1"},
				"down": {"uv": [0, 1, 0.5, 2], "texture": "#1"}
			}
		},
		{
			"from": [8.5, 0.5, 7.5],
			"to": [9, 1, 8.5],
			"faces": {
				"north": {"uv": [0, 0, 0.5, 0.5], "texture": "#1"},
				"east": {"uv": [0, 0.5, 1, 1], "texture": "#1"},
				"south": {"uv": [0.5, 0, 1, 0.5], "texture": "#1"},
				"west": {"uv": [0, 0.5, 1, 1], "texture": "#1"},
				"up": {"uv": [0, 0, 0.5, 1], "texture": "#1"},
				"down": {"uv": [0.5, 0, 1, 1], "texture": "#1"}
			}
		},
		{
			"from": [7.5, 13, 6.5],
			"to": [8.5, 13.5, 7],
			"faces": {
				"north": {"uv": [0, 0, 1, 0.5], "texture": "#1"},
				"east": {"uv": [0, 0, 0.5, 0.5], "texture": "#1"},
				"south": {"uv": [0, 0, 1, 0.5], "texture": "#1"},
				"west": {"uv": [0, 0, 0.5, 0.5], "texture": "#1"},
				"up": {"uv": [0, 0, 1, 0.5], "texture": "#1"},
				"down": {"uv": [0, 0, 1, 0.5], "texture": "#1"}
			}
		},
		{
			"from": [7.5, 13, 7.5],
			"to": [8, 13.5, 8],
			"faces": {
				"north": {"uv": [0, 0, 0.5, 0.5], "texture": "#2"},
				"east": {"uv": [0, 0, 0.5, 0.5], "texture": "#2"},
				"south": {"uv": [0, 0, 0.5, 0.5], "texture": "#2"},
				"west": {"uv": [0, 0, 0.5, 0.5], "texture": "#2"},
				"up": {"uv": [0, 0, 0.5, 0.5], "texture": "#2"},
				"down": {"uv": [0, 0, 0.5, 0.5], "texture": "#2"}
			}
		},
		{
			"from": [8.5, 13, 7.5],
			"to": [9, 13.5, 8],
			"faces": {
				"north": {"uv": [0, 0, 0.5, 0.5], "texture": "#2"},
				"east": {"uv": [0, 0, 0.5, 0.5], "texture": "#2"},
				"south": {"uv": [0, 0, 0.5, 0.5], "texture": "#2"},
				"west": {"uv": [0, 0, 0.5, 0.5], "texture": "#2"},
				"up": {"uv": [0, 0, 0.5, 0.5], "texture": "#2"},
				"down": {"uv": [0, 0, 0.5, 0.5], "texture": "#2"}
			}
		},
		{
			"from": [8, 13, 8],
			"to": [8.5, 13.5, 8.5],
			"faces": {
				"north": {"uv": [0, 0, 0.5, 0.5], "texture": "#2"},
				"east": {"uv": [0, 0, 0.5, 0.5], "texture": "#2"},
				"south": {"uv": [0, 0, 0.5, 0.5], "texture": "#2"},
				"west": {"uv": [0, 0, 0.5, 0.5], "texture": "#2"},
				"up": {"uv": [0, 0, 0.5, 0.5], "texture": "#2"},
				"down": {"uv": [0, 0, 0.5, 0.5], "texture": "#2"}
			}
		},
		{
			"from": [7.5, 13, 8],
			"to": [8, 13.5, 8.5],
			"faces": {
				"north": {"uv": [0, 0, 0.5, 0.5], "texture": "#2"},
				"east": {"uv": [0, 0, 0.5, 0.5], "texture": "#2"},
				"south": {"uv": [0, 0, 0.5, 0.5], "texture": "#2"},
				"west": {"uv": [0, 0, 0.5, 0.5], "texture": "#2"},
				"up": {"uv": [0, 0, 0.5, 0.5], "texture": "#2"},
				"down": {"uv": [0, 0, 0.5, 0.5], "texture": "#2"}
			}
		},
		{
			"from": [7, 13, 8],
			"to": [7.5, 13.5, 8.5],
			"faces": {
				"north": {"uv": [0, 0, 0.5, 0.5], "texture": "#2"},
				"east": {"uv": [0, 0, 0.5, 0.5], "texture": "#2"},
				"south": {"uv": [0, 0, 0.5, 0.5], "texture": "#2"},
				"west": {"uv": [0, 0, 0.5, 0.5], "texture": "#2"},
				"up": {"uv": [0, 0, 0.5, 0.5], "texture": "#2"},
				"down": {"uv": [0, 0, 0.5, 0.5], "texture": "#2"}
			}
		},
		{
			"from": [7.5, 13, 7],
			"to": [8, 13.5, 7.5],
			"faces": {
				"north": {"uv": [0, 0, 0.5, 0.5], "texture": "#2"},
				"east": {"uv": [0, 0, 0.5, 0.5], "texture": "#2"},
				"south": {"uv": [0, 0, 0.5, 0.5], "texture": "#2"},
				"west": {"uv": [0, 0, 0.5, 0.5], "texture": "#2"},
				"up": {"uv": [0, 0, 0.5, 0.5], "texture": "#2"},
				"down": {"uv": [0, 0, 0.5, 0.5], "texture": "#2"}
			}
		},
		{
			"from": [7.5, 13, 7.5],
			"to": [8, 13.5, 8],
			"faces": {
				"north": {"uv": [0, 0, 0.5, 0.5], "texture": "#2"},
				"east": {"uv": [0, 0, 0.5, 0.5], "texture": "#2"},
				"south": {"uv": [0, 0, 0.5, 0.5], "texture": "#2"},
				"west": {"uv": [0, 0, 0.5, 0.5], "texture": "#2"},
				"up": {"uv": [0, 0, 0.5, 0.5], "texture": "#2"},
				"down": {"uv": [0, 0, 0.5, 0.5], "texture": "#2"}
			}
		},
		{
			"from": [8, 13, 7.5],
			"to": [8.5, 13.5, 8],
			"faces": {
				"north": {"uv": [0, 0, 0.5, 0.5], "texture": "#2"},
				"east": {"uv": [0, 0, 0.5, 0.5], "texture": "#2"},
				"south": {"uv": [0, 0, 0.5, 0.5], "texture": "#2"},
				"west": {"uv": [0, 0, 0.5, 0.5], "texture": "#2"},
				"up": {"uv": [0, 0, 0.5, 0.5], "texture": "#2"},
				"down": {"uv": [0, 0, 0.5, 0.5], "texture": "#2"}
			}
		},
		{
			"from": [8, 13, 8.5],
			"to": [8.5, 13.5, 9],
			"faces": {
				"north": {"uv": [0, 0, 0.5, 0.5], "texture": "#2"},
				"east": {"uv": [0, 0, 0.5, 0.5], "texture": "#2"},
				"south": {"uv": [0, 0, 0.5, 0.5], "texture": "#2"},
				"west": {"uv": [0, 0, 0.5, 0.5], "texture": "#2"},
				"up": {"uv": [0, 0, 0.5, 0.5], "texture": "#2"},
				"down": {"uv": [0, 0, 0.5, 0.5], "texture": "#2"}
			}
		},
		{
			"from": [8.5, 13, 7],
			"to": [9, 13.5, 7.5],
			"faces": {
				"north": {"uv": [0, 0, 0.5, 0.5], "texture": "#2"},
				"east": {"uv": [0, 0, 0.5, 0.5], "texture": "#2"},
				"south": {"uv": [0, 0, 0.5, 0.5], "texture": "#2"},
				"west": {"uv": [0, 0, 0.5, 0.5], "texture": "#2"},
				"up": {"uv": [0, 0, 0.5, 0.5], "texture": "#2"},
				"down": {"uv": [0, 0, 0.5, 0.5], "texture": "#2"}
			}
		},
		{
			"from": [7.5, 13.5, 8],
			"to": [8, 14, 8.5],
			"faces": {
				"north": {"uv": [0, 0, 0.5, 0.5], "texture": "#2"},
				"east": {"uv": [0, 0, 0.5, 0.5], "texture": "#2"},
				"south": {"uv": [0, 0, 0.5, 0.5], "texture": "#2"},
				"west": {"uv": [0, 0, 0.5, 0.5], "texture": "#2"},
				"up": {"uv": [0, 0, 0.5, 0.5], "texture": "#2"},
				"down": {"uv": [0, 0, 0.5, 0.5], "texture": "#2"}
			}
		},
		{
			"from": [8, 13.5, 8],
			"to": [8.5, 14, 8.5],
			"faces": {
				"north": {"uv": [0, 0, 0.5, 0.5], "texture": "#2"},
				"east": {"uv": [0, 0, 0.5, 0.5], "texture": "#2"},
				"south": {"uv": [0, 0, 0.5, 0.5], "texture": "#2"},
				"west": {"uv": [0, 0, 0.5, 0.5], "texture": "#2"},
				"up": {"uv": [0, 0, 0.5, 0.5], "texture": "#2"},
				"down": {"uv": [0, 0, 0.5, 0.5], "texture": "#2"}
			}
		},
		{
			"from": [8, 13.5, 7.5],
			"to": [8.5, 14, 8],
			"faces": {
				"north": {"uv": [0, 0, 0.5, 0.5], "texture": "#2"},
				"east": {"uv": [0, 0, 0.5, 0.5], "texture": "#2"},
				"south": {"uv": [0, 0, 0.5, 0.5], "texture": "#2"},
				"west": {"uv": [0, 0, 0.5, 0.5], "texture": "#2"},
				"up": {"uv": [0, 0, 0.5, 0.5], "texture": "#2"},
				"down": {"uv": [0, 0, 0.5, 0.5], "texture": "#2"}
			}
		},
		{
			"from": [7.5, 13.5, 7.5],
			"to": [8, 14, 8],
			"faces": {
				"north": {"uv": [0, 0, 0.5, 0.5], "texture": "#2"},
				"east": {"uv": [0, 0, 0.5, 0.5], "texture": "#2"},
				"south": {"uv": [0, 0, 0.5, 0.5], "texture": "#2"},
				"west": {"uv": [0, 0, 0.5, 0.5], "texture": "#2"},
				"up": {"uv": [0, 0, 0.5, 0.5], "texture": "#2"},
				"down": {"uv": [0, 0, 0.5, 0.5], "texture": "#2"}
			}
		},
		{
			"from": [8, 14, 7.5],
			"to": [8.5, 14.5, 8],
			"faces": {
				"north": {"uv": [0, 0, 0.5, 0.5], "texture": "#2"},
				"east": {"uv": [0, 0, 0.5, 0.5], "texture": "#2"},
				"south": {"uv": [0, 0, 0.5, 0.5], "texture": "#2"},
				"west": {"uv": [0, 0, 0.5, 0.5], "texture": "#2"},
				"up": {"uv": [0, 0, 0.5, 0.5], "texture": "#2"},
				"down": {"uv": [0, 0, 0.5, 0.5], "texture": "#2"}
			}
		},
		{
			"from": [7.5, 14, 8],
			"to": [8, 14.5, 8.5],
			"faces": {
				"north": {"uv": [0, 0, 0.5, 0.5], "texture": "#2"},
				"east": {"uv": [0, 0, 0.5, 0.5], "texture": "#2"},
				"south": {"uv": [0, 0, 0.5, 0.5], "texture": "#2"},
				"west": {"uv": [0, 0, 0.5, 0.5], "texture": "#2"},
				"up": {"uv": [0, 0, 0.5, 0.5], "texture": "#2"},
				"down": {"uv": [0, 0, 0.5, 0.5], "texture": "#2"}
			}
		},
		{
			"from": [7.5, 14, 7.5],
			"to": [8, 14.5, 8],
			"faces": {
				"north": {"uv": [0, 0, 0.5, 0.5], "texture": "#2"},
				"east": {"uv": [0, 0, 0.5, 0.5], "texture": "#2"},
				"south": {"uv": [0, 0, 0.5, 0.5], "texture": "#2"},
				"west": {"uv": [0, 0, 0.5, 0.5], "texture": "#2"},
				"up": {"uv": [0, 0, 0.5, 0.5], "texture": "#2"},
				"down": {"uv": [0, 0, 0.5, 0.5], "texture": "#2"}
			}
		},
		{
			"from": [8, 14.5, 7.5],
			"to": [8.5, 15, 8],
			"faces": {
				"north": {"uv": [0, 0, 0.5, 0.5], "texture": "#2"},
				"east": {"uv": [0, 0, 0.5, 0.5], "texture": "#2"},
				"south": {"uv": [0, 0, 0.5, 0.5], "texture": "#2"},
				"west": {"uv": [0, 0, 0.5, 0.5], "texture": "#2"},
				"up": {"uv": [0, 0, 0.5, 0.5], "texture": "#2"},
				"down": {"uv": [0, 0, 0.5, 0.5], "texture": "#2"}
			}
		},
		{
			"from": [7.5, 14.5, 7.5],
			"to": [8, 15, 8],
			"faces": {
				"north": {"uv": [0, 0, 0.5, 0.5], "texture": "#2"},
				"east": {"uv": [0, 0, 0.5, 0.5], "texture": "#2"},
				"south": {"uv": [0, 0, 0.5, 0.5], "texture": "#2"},
				"west": {"uv": [0, 0, 0.5, 0.5], "texture": "#2"},
				"up": {"uv": [0, 0, 0.5, 0.5], "texture": "#2"},
				"down": {"uv": [0, 0, 0.5, 0.5], "texture": "#2"}
			}
		},
		{
			"from": [8, 15, 7.5],
			"to": [8.5, 15.5, 8],
			"faces": {
				"north": {"uv": [0, 0, 0.5, 0.5], "texture": "#2"},
				"east": {"uv": [0, 0, 0.5, 0.5], "texture": "#2"},
				"south": {"uv": [0, 0, 0.5, 0.5], "texture": "#2"},
				"west": {"uv": [0, 0, 0.5, 0.5], "texture": "#2"},
				"up": {"uv": [0, 0, 0.5, 0.5], "texture": "#2"},
				"down": {"uv": [0, 0, 0.5, 0.5], "texture": "#2"}
			}
		},
		{
			"from": [7, 13, 8.5],
			"to": [7.5, 13.5, 9],
			"faces": {
				"north": {"uv": [1, 0, 1.5, 0.5], "texture": "#2"},
				"east": {"uv": [1, 0, 1.5, 0.5], "texture": "#2"},
				"south": {"uv": [1, 0, 1.5, 0.5], "texture": "#2"},
				"west": {"uv": [1, 0, 1.5, 0.5], "texture": "#2"},
				"up": {"uv": [1, 0, 1.5, 0.5], "texture": "#2"},
				"down": {"uv": [1, 0, 1.5, 0.5], "texture": "#2"}
			}
		},
		{
			"from": [7.5, 13, 8.5],
			"to": [8, 13.5, 9],
			"faces": {
				"north": {"uv": [1, 0, 1.5, 0.5], "texture": "#2"},
				"east": {"uv": [1, 0, 1.5, 0.5], "texture": "#2"},
				"south": {"uv": [1, 0, 1.5, 0.5], "texture": "#2"},
				"west": {"uv": [1, 0, 1.5, 0.5], "texture": "#2"},
				"up": {"uv": [1, 0, 1.5, 0.5], "texture": "#2"},
				"down": {"uv": [1, 0, 1.5, 0.5], "texture": "#2"}
			}
		},
		{
			"from": [7, 13, 7.5],
			"to": [7.5, 13.5, 8],
			"faces": {
				"north": {"uv": [1, 0, 1.5, 0.5], "texture": "#2"},
				"east": {"uv": [1, 0, 1.5, 0.5], "texture": "#2"},
				"south": {"uv": [1, 0, 1.5, 0.5], "texture": "#2"},
				"west": {"uv": [1, 0, 1.5, 0.5], "texture": "#2"},
				"up": {"uv": [1, 0, 1.5, 0.5], "texture": "#2"},
				"down": {"uv": [1, 0, 1.5, 0.5], "texture": "#2"}
			}
		},
		{
			"from": [7, 13.5, 7.5],
			"to": [7.5, 14, 8],
			"faces": {
				"north": {"uv": [0, 0, 0.5, 0.5], "texture": "#2"},
				"east": {"uv": [0, 0, 0.5, 0.5], "texture": "#2"},
				"south": {"uv": [0, 0, 0.5, 0.5], "texture": "#2"},
				"west": {"uv": [0, 0, 0.5, 0.5], "texture": "#2"},
				"up": {"uv": [0, 0, 0.5, 0.5], "texture": "#2"},
				"down": {"uv": [0, 0, 0.5, 0.5], "texture": "#2"}
			}
		},
		{
			"from": [8, 13.5, 8.5],
			"to": [8.5, 14, 9],
			"faces": {
				"north": {"uv": [0, 0, 0.5, 0.5], "texture": "#2"},
				"east": {"uv": [0, 0, 0.5, 0.5], "texture": "#2"},
				"south": {"uv": [0, 0, 0.5, 0.5], "texture": "#2"},
				"west": {"uv": [0, 0, 0.5, 0.5], "texture": "#2"},
				"up": {"uv": [0, 0, 0.5, 0.5], "texture": "#2"},
				"down": {"uv": [0, 0, 0.5, 0.5], "texture": "#2"}
			}
		},
		{
			"from": [8.5, 13.5, 7.5],
			"to": [9, 14, 8],
			"faces": {
				"north": {"uv": [0, 0, 0.5, 0.5], "texture": "#2"},
				"east": {"uv": [0, 0, 0.5, 0.5], "texture": "#2"},
				"south": {"uv": [0, 0, 0.5, 0.5], "texture": "#2"},
				"west": {"uv": [0, 0, 0.5, 0.5], "texture": "#2"},
				"up": {"uv": [0, 0, 0.5, 0.5], "texture": "#2"},
				"down": {"uv": [0, 0, 0.5, 0.5], "texture": "#2"}
			}
		},
		{
			"from": [8.5, 14, 7.5],
			"to": [9, 14.5, 8],
			"faces": {
				"north": {"uv": [0, 0, 0.5, 0.5], "texture": "#2"},
				"east": {"uv": [0, 0, 0.5, 0.5], "texture": "#2"},
				"south": {"uv": [0, 0, 0.5, 0.5], "texture": "#2"},
				"west": {"uv": [0, 0, 0.5, 0.5], "texture": "#2"},
				"up": {"uv": [0, 0, 0.5, 0.5], "texture": "#2"},
				"down": {"uv": [0, 0, 0.5, 0.5], "texture": "#2"}
			}
		},
		{
			"from": [8, 13, 7],
			"to": [8.5, 13.5, 7.5],
			"faces": {
				"north": {"uv": [0, 0, 0.5, 0.5], "texture": "#2"},
				"east": {"uv": [0, 0, 0.5, 0.5], "texture": "#2"},
				"south": {"uv": [0, 0, 0.5, 0.5], "texture": "#2"},
				"west": {"uv": [0, 0, 0.5, 0.5], "texture": "#2"},
				"up": {"uv": [0, 0, 0.5, 0.5], "texture": "#2"},
				"down": {"uv": [0, 0, 0.5, 0.5], "texture": "#2"}
			}
		},
		{
			"from": [8, 13.5, 7],
			"to": [8.5, 14, 7.5],
			"faces": {
				"north": {"uv": [0, 0, 0.5, 0.5], "texture": "#2"},
				"east": {"uv": [0, 0, 0.5, 0.5], "texture": "#2"},
				"south": {"uv": [0, 0, 0.5, 0.5], "texture": "#2"},
				"west": {"uv": [0, 0, 0.5, 0.5], "texture": "#2"},
				"up": {"uv": [0, 0, 0.5, 0.5], "texture": "#2"},
				"down": {"uv": [0, 0, 0.5, 0.5], "texture": "#2"}
			}
		},
		{
			"from": [7.5, 14.5, 8],
			"to": [8, 15, 8.5],
			"faces": {
				"north": {"uv": [1, 0, 1.5, 0.5], "texture": "#2"},
				"east": {"uv": [1, 0, 1.5, 0.5], "texture": "#2"},
				"south": {"uv": [1, 0, 1.5, 0.5], "texture": "#2"},
				"west": {"uv": [1, 0, 1.5, 0.5], "texture": "#2"},
				"up": {"uv": [1, 0, 1.5, 0.5], "texture": "#2"},
				"down": {"uv": [1, 0, 1.5, 0.5], "texture": "#2"}
			}
		},
		{
			"from": [7, 14, 7.5],
			"to": [7.5, 14.5, 8],
			"faces": {
				"north": {"uv": [1, 0, 1.5, 0.5], "texture": "#2"},
				"east": {"uv": [1, 0, 1.5, 0.5], "texture": "#2"},
				"south": {"uv": [1, 0, 1.5, 0.5], "texture": "#2"},
				"west": {"uv": [1, 0, 1.5, 0.5], "texture": "#2"},
				"up": {"uv": [1, 0, 1.5, 0.5], "texture": "#2"},
				"down": {"uv": [1, 0, 1.5, 0.5], "texture": "#2"}
			}
		},
		{
			"from": [6.5, 13.5, 7.5],
			"to": [7, 14, 8],
			"faces": {
				"north": {"uv": [1, 0, 1.5, 0.5], "texture": "#2"},
				"east": {"uv": [1, 0, 1.5, 0.5], "texture": "#2"},
				"south": {"uv": [1, 0, 1.5, 0.5], "texture": "#2"},
				"west": {"uv": [1, 0, 1.5, 0.5], "texture": "#2"},
				"up": {"uv": [1, 0, 1.5, 0.5], "texture": "#2"},
				"down": {"uv": [1, 0, 1.5, 0.5], "texture": "#2"}
			}
		},
		{
			"from": [7, 13, 7],
			"to": [7.5, 13.5, 7.5],
			"faces": {
				"north": {"uv": [1, 0, 1.5, 0.5], "texture": "#2"},
				"east": {"uv": [1, 0, 1.5, 0.5], "texture": "#2"},
				"south": {"uv": [1, 0, 1.5, 0.5], "texture": "#2"},
				"west": {"uv": [1, 0, 1.5, 0.5], "texture": "#2"},
				"up": {"uv": [1, 0, 1.5, 0.5], "texture": "#2"},
				"down": {"uv": [1, 0, 1.5, 0.5], "texture": "#2"}
			}
		},
		{
			"from": [7, 13.5, 6.5],
			"to": [7.5, 14, 7],
			"faces": {
				"north": {"uv": [1, 0, 1.5, 0.5], "texture": "#2"},
				"east": {"uv": [1, 0, 1.5, 0.5], "texture": "#2"},
				"south": {"uv": [1, 0, 1.5, 0.5], "texture": "#2"},
				"west": {"uv": [1, 0, 1.5, 0.5], "texture": "#2"},
				"up": {"uv": [1, 0, 1.5, 0.5], "texture": "#2"},
				"down": {"uv": [1, 0, 1.5, 0.5], "texture": "#2"}
			}
		},
		{
			"from": [7, 13.5, 7],
			"to": [7.5, 14, 7.5],
			"faces": {
				"north": {"uv": [1, 0, 1.5, 0.5], "texture": "#2"},
				"east": {"uv": [1, 0, 1.5, 0.5], "texture": "#2"},
				"south": {"uv": [1, 0, 1.5, 0.5], "texture": "#2"},
				"west": {"uv": [1, 0, 1.5, 0.5], "texture": "#2"},
				"up": {"uv": [1, 0, 1.5, 0.5], "texture": "#2"},
				"down": {"uv": [1, 0, 1.5, 0.5], "texture": "#2"}
			}
		},
		{
			"from": [8.5, 13, 8.5],
			"to": [9, 13.5, 9],
			"faces": {
				"north": {"uv": [1, 0, 1.5, 0.5], "texture": "#2"},
				"east": {"uv": [1, 0, 1.5, 0.5], "texture": "#2"},
				"south": {"uv": [1, 0, 1.5, 0.5], "texture": "#2"},
				"west": {"uv": [1, 0, 1.5, 0.5], "texture": "#2"},
				"up": {"uv": [1, 0, 1.5, 0.5], "texture": "#2"},
				"down": {"uv": [1, 0, 1.5, 0.5], "texture": "#2"}
			}
		},
		{
			"from": [8.5, 13, 8],
			"to": [9, 13.5, 8.5],
			"faces": {
				"north": {"uv": [1, 0, 1.5, 0.5], "texture": "#2"},
				"east": {"uv": [1, 0, 1.5, 0.5], "texture": "#2"},
				"south": {"uv": [1, 0, 1.5, 0.5], "texture": "#2"},
				"west": {"uv": [1, 0, 1.5, 0.5], "texture": "#2"},
				"up": {"uv": [1, 0, 1.5, 0.5], "texture": "#2"},
				"down": {"uv": [1, 0, 1.5, 0.5], "texture": "#2"}
			}
		},
		{
			"from": [8, 14, 7],
			"to": [8.5, 14.5, 7.5],
			"faces": {
				"north": {"uv": [1, 0, 1.5, 0.5], "texture": "#2"},
				"east": {"uv": [1, 0, 1.5, 0.5], "texture": "#2"},
				"south": {"uv": [1, 0, 1.5, 0.5], "texture": "#2"},
				"west": {"uv": [1, 0, 1.5, 0.5], "texture": "#2"},
				"up": {"uv": [1, 0, 1.5, 0.5], "texture": "#2"},
				"down": {"uv": [1, 0, 1.5, 0.5], "texture": "#2"}
			}
		},
		{
			"from": [7.5, 14.5, 7],
			"to": [8, 15, 7.5],
			"faces": {
				"north": {"uv": [1, 0, 1.5, 0.5], "texture": "#2"},
				"east": {"uv": [1, 0, 1.5, 0.5], "texture": "#2"},
				"south": {"uv": [1, 0, 1.5, 0.5], "texture": "#2"},
				"west": {"uv": [1, 0, 1.5, 0.5], "texture": "#2"},
				"up": {"uv": [1, 0, 1.5, 0.5], "texture": "#2"},
				"down": {"uv": [1, 0, 1.5, 0.5], "texture": "#2"}
			}
		},
		{
			"from": [7.5, 13.5, 7],
			"to": [8, 14, 7.5],
			"faces": {
				"north": {"uv": [1, 0, 1.5, 0.5], "texture": "#2"},
				"east": {"uv": [1, 0, 1.5, 0.5], "texture": "#2"},
				"south": {"uv": [1, 0, 1.5, 0.5], "texture": "#2"},
				"west": {"uv": [1, 0, 1.5, 0.5], "texture": "#2"},
				"up": {"uv": [1, 0, 1.5, 0.5], "texture": "#2"},
				"down": {"uv": [1, 0, 1.5, 0.5], "texture": "#2"}
			}
		},
		{
			"from": [8.5, 13.5, 7],
			"to": [9, 14, 7.5],
			"faces": {
				"north": {"uv": [1, 0, 1.5, 0.5], "texture": "#2"},
				"east": {"uv": [1, 0, 1.5, 0.5], "texture": "#2"},
				"south": {"uv": [1, 0, 1.5, 0.5], "texture": "#2"},
				"west": {"uv": [1, 0, 1.5, 0.5], "texture": "#2"},
				"up": {"uv": [1, 0, 1.5, 0.5], "texture": "#2"},
				"down": {"uv": [1, 0, 1.5, 0.5], "texture": "#2"}
			}
		},
		{
			"from": [9, 13.5, 8],
			"to": [9.5, 14, 8.5],
			"faces": {
				"north": {"uv": [1, 0, 1.5, 0.5], "texture": "#2"},
				"east": {"uv": [1, 0, 1.5, 0.5], "texture": "#2"},
				"south": {"uv": [1, 0, 1.5, 0.5], "texture": "#2"},
				"west": {"uv": [1, 0, 1.5, 0.5], "texture": "#2"},
				"up": {"uv": [1, 0, 1.5, 0.5], "texture": "#2"},
				"down": {"uv": [1, 0, 1.5, 0.5], "texture": "#2"}
			}
		},
		{
			"from": [8, 14, 8],
			"to": [8.5, 14.5, 8.5],
			"faces": {
				"north": {"uv": [1, 0, 1.5, 0.5], "texture": "#2"},
				"east": {"uv": [1, 0, 1.5, 0.5], "texture": "#2"},
				"south": {"uv": [1, 0, 1.5, 0.5], "texture": "#2"},
				"west": {"uv": [1, 0, 1.5, 0.5], "texture": "#2"},
				"up": {"uv": [1, 0, 1.5, 0.5], "texture": "#2"},
				"down": {"uv": [1, 0, 1.5, 0.5], "texture": "#2"}
			}
		},
		{
			"from": [8, 14.5, 8],
			"to": [8.5, 15, 8.5],
			"faces": {
				"north": {"uv": [1, 0, 1.5, 0.5], "texture": "#2"},
				"east": {"uv": [1, 0, 1.5, 0.5], "texture": "#2"},
				"south": {"uv": [1, 0, 1.5, 0.5], "texture": "#2"},
				"west": {"uv": [1, 0, 1.5, 0.5], "texture": "#2"},
				"up": {"uv": [1, 0, 1.5, 0.5], "texture": "#2"},
				"down": {"uv": [1, 0, 1.5, 0.5], "texture": "#2"}
			}
		},
		{
			"from": [8.5, 14.5, 7.5],
			"to": [9, 15, 8],
			"faces": {
				"north": {"uv": [1, 0, 1.5, 0.5], "texture": "#2"},
				"east": {"uv": [1, 0, 1.5, 0.5], "texture": "#2"},
				"south": {"uv": [1, 0, 1.5, 0.5], "texture": "#2"},
				"west": {"uv": [1, 0, 1.5, 0.5], "texture": "#2"},
				"up": {"uv": [1, 0, 1.5, 0.5], "texture": "#2"},
				"down": {"uv": [1, 0, 1.5, 0.5], "texture": "#2"}
			}
		},
		{
			"from": [7.5, 14, 7],
			"to": [8, 14.5, 7.5],
			"faces": {
				"north": {"uv": [1, 0, 1.5, 0.5], "texture": "#2"},
				"east": {"uv": [1, 0, 1.5, 0.5], "texture": "#2"},
				"south": {"uv": [1, 0, 1.5, 0.5], "texture": "#2"},
				"west": {"uv": [1, 0, 1.5, 0.5], "texture": "#2"},
				"up": {"uv": [1, 0, 1.5, 0.5], "texture": "#2"},
				"down": {"uv": [1, 0, 1.5, 0.5], "texture": "#2"}
			}
		},
		{
			"from": [7, 14, 7],
			"to": [7.5, 14.5, 7.5],
			"faces": {
				"north": {"uv": [1, 0, 1.5, 0.5], "texture": "#2"},
				"east": {"uv": [1, 0, 1.5, 0.5], "texture": "#2"},
				"south": {"uv": [1, 0, 1.5, 0.5], "texture": "#2"},
				"west": {"uv": [1, 0, 1.5, 0.5], "texture": "#2"},
				"up": {"uv": [1, 0, 1.5, 0.5], "texture": "#2"},
				"down": {"uv": [1, 0, 1.5, 0.5], "texture": "#2"}
			}
		},
		{
			"from": [7, 14, 8],
			"to": [7.5, 14.5, 8.5],
			"faces": {
				"north": {"uv": [1, 0, 1.5, 0.5], "texture": "#2"},
				"east": {"uv": [1, 0, 1.5, 0.5], "texture": "#2"},
				"south": {"uv": [1, 0, 1.5, 0.5], "texture": "#2"},
				"west": {"uv": [1, 0, 1.5, 0.5], "texture": "#2"},
				"up": {"uv": [1, 0, 1.5, 0.5], "texture": "#2"},
				"down": {"uv": [1, 0, 1.5, 0.5], "texture": "#2"}
			}
		},
		{
			"from": [7, 13.5, 8],
			"to": [7.5, 14, 8.5],
			"faces": {
				"north": {"uv": [0, 0, 0.5, 0.5], "texture": "#2"},
				"east": {"uv": [0, 0, 0.5, 0.5], "texture": "#2"},
				"south": {"uv": [0, 0, 0.5, 0.5], "texture": "#2"},
				"west": {"uv": [0, 0, 0.5, 0.5], "texture": "#2"},
				"up": {"uv": [0, 0, 0.5, 0.5], "texture": "#2"},
				"down": {"uv": [0, 0, 0.5, 0.5], "texture": "#2"}
			}
		},
		{
			"from": [8, 15.5, 7.5],
			"to": [8.5, 16, 8],
			"faces": {
				"north": {"uv": [1, 0, 1.5, 0.5], "texture": "#2"},
				"east": {"uv": [1, 0, 1.5, 0.5], "texture": "#2"},
				"south": {"uv": [1, 0, 1.5, 0.5], "texture": "#2"},
				"west": {"uv": [1, 0, 1.5, 0.5], "texture": "#2"},
				"up": {"uv": [1, 0, 1.5, 0.5], "texture": "#2"},
				"down": {"uv": [1, 0, 1.5, 0.5], "texture": "#2"}
			}
		},
		{
			"from": [7, 13.5, 8.5],
			"to": [7.5, 14, 9],
			"faces": {
				"north": {"uv": [1, 0, 1.5, 0.5], "texture": "#2"},
				"east": {"uv": [1, 0, 1.5, 0.5], "texture": "#2"},
				"south": {"uv": [1, 0, 1.5, 0.5], "texture": "#2"},
				"west": {"uv": [1, 0, 1.5, 0.5], "texture": "#2"},
				"up": {"uv": [1, 0, 1.5, 0.5], "texture": "#2"},
				"down": {"uv": [1, 0, 1.5, 0.5], "texture": "#2"}
			}
		},
		{
			"from": [8, 14, 8.5],
			"to": [8.5, 14.5, 9],
			"faces": {
				"north": {"uv": [1, 0, 1.5, 0.5], "texture": "#2"},
				"east": {"uv": [1, 0, 1.5, 0.5], "texture": "#2"},
				"south": {"uv": [1, 0, 1.5, 0.5], "texture": "#2"},
				"west": {"uv": [1, 0, 1.5, 0.5], "texture": "#2"},
				"up": {"uv": [1, 0, 1.5, 0.5], "texture": "#2"},
				"down": {"uv": [1, 0, 1.5, 0.5], "texture": "#2"}
			}
		},
		{
			"from": [7.5, 13.5, 8.5],
			"to": [8, 14, 9],
			"faces": {
				"north": {"uv": [2, 0, 2.5, 0.5], "texture": "#2"},
				"east": {"uv": [2, 0, 2.5, 0.5], "texture": "#2"},
				"south": {"uv": [2, 0, 2.5, 0.5], "texture": "#2"},
				"west": {"uv": [2, 0, 2.5, 0.5], "texture": "#2"},
				"up": {"uv": [2, 0, 2.5, 0.5], "texture": "#2"},
				"down": {"uv": [2, 0, 2.5, 0.5], "texture": "#2"}
			}
		},
		{
			"from": [7.5, 14, 8.5],
			"to": [8, 14.5, 9],
			"faces": {
				"north": {"uv": [2, 0, 2.5, 0.5], "texture": "#2"},
				"east": {"uv": [2, 0, 2.5, 0.5], "texture": "#2"},
				"south": {"uv": [2, 0, 2.5, 0.5], "texture": "#2"},
				"west": {"uv": [2, 0, 2.5, 0.5], "texture": "#2"},
				"up": {"uv": [2, 0, 2.5, 0.5], "texture": "#2"},
				"down": {"uv": [2, 0, 2.5, 0.5], "texture": "#2"}
			}
		},
		{
			"from": [8, 15, 8],
			"to": [8.5, 15.5, 8.5],
			"faces": {
				"north": {"uv": [2, 0, 2.5, 0.5], "texture": "#2"},
				"east": {"uv": [2, 0, 2.5, 0.5], "texture": "#2"},
				"south": {"uv": [2, 0, 2.5, 0.5], "texture": "#2"},
				"west": {"uv": [2, 0, 2.5, 0.5], "texture": "#2"},
				"up": {"uv": [2, 0, 2.5, 0.5], "texture": "#2"},
				"down": {"uv": [2, 0, 2.5, 0.5], "texture": "#2"}
			}
		},
		{
			"from": [6.5, 13, 8.5],
			"to": [7, 13.5, 9],
			"faces": {
				"north": {"uv": [2, 0, 2.5, 0.5], "texture": "#2"},
				"east": {"uv": [2, 0, 2.5, 0.5], "texture": "#2"},
				"south": {"uv": [2, 0, 2.5, 0.5], "texture": "#2"},
				"west": {"uv": [2, 0, 2.5, 0.5], "texture": "#2"},
				"up": {"uv": [2, 0, 2.5, 0.5], "texture": "#2"},
				"down": {"uv": [2, 0, 2.5, 0.5], "texture": "#2"}
			}
		},
		{
			"from": [7.5, 13.5, 9],
			"to": [8, 14, 9.5],
			"faces": {
				"north": {"uv": [2, 0, 2.5, 0.5], "texture": "#2"},
				"east": {"uv": [2, 0, 2.5, 0.5], "texture": "#2"},
				"south": {"uv": [2, 0, 2.5, 0.5], "texture": "#2"},
				"west": {"uv": [2, 0, 2.5, 0.5], "texture": "#2"},
				"up": {"uv": [2, 0, 2.5, 0.5], "texture": "#2"},
				"down": {"uv": [2, 0, 2.5, 0.5], "texture": "#2"}
			}
		},
		{
			"from": [7, 15, 8],
			"to": [7.5, 15.5, 8.5],
			"faces": {
				"north": {"uv": [2, 0, 2.5, 0.5], "texture": "#2"},
				"east": {"uv": [2, 0, 2.5, 0.5], "texture": "#2"},
				"south": {"uv": [2, 0, 2.5, 0.5], "texture": "#2"},
				"west": {"uv": [2, 0, 2.5, 0.5], "texture": "#2"},
				"up": {"uv": [2, 0, 2.5, 0.5], "texture": "#2"},
				"down": {"uv": [2, 0, 2.5, 0.5], "texture": "#2"}
			}
		},
		{
			"from": [8, 14.5, 8.5],
			"to": [8.5, 15, 9],
			"faces": {
				"north": {"uv": [2, 0, 2.5, 0.5], "texture": "#2"},
				"east": {"uv": [2, 0, 2.5, 0.5], "texture": "#2"},
				"south": {"uv": [2, 0, 2.5, 0.5], "texture": "#2"},
				"west": {"uv": [2, 0, 2.5, 0.5], "texture": "#2"},
				"up": {"uv": [2, 0, 2.5, 0.5], "texture": "#2"},
				"down": {"uv": [2, 0, 2.5, 0.5], "texture": "#2"}
			}
		},
		{
			"from": [8, 16, 7.5],
			"to": [8.5, 16.5, 8],
			"faces": {
				"north": {"uv": [2, 0, 2.5, 0.5], "texture": "#2"},
				"east": {"uv": [2, 0, 2.5, 0.5], "texture": "#2"},
				"south": {"uv": [2, 0, 2.5, 0.5], "texture": "#2"},
				"west": {"uv": [2, 0, 2.5, 0.5], "texture": "#2"},
				"up": {"uv": [2, 0, 2.5, 0.5], "texture": "#2"},
				"down": {"uv": [2, 0, 2.5, 0.5], "texture": "#2"}
			}
		},
		{
			"from": [7.5, 15, 7.5],
			"to": [8, 15.5, 8],
			"faces": {
				"north": {"uv": [2, 0, 2.5, 0.5], "texture": "#2"},
				"east": {"uv": [2, 0, 2.5, 0.5], "texture": "#2"},
				"south": {"uv": [2, 0, 2.5, 0.5], "texture": "#2"},
				"west": {"uv": [2, 0, 2.5, 0.5], "texture": "#2"},
				"up": {"uv": [2, 0, 2.5, 0.5], "texture": "#2"},
				"down": {"uv": [2, 0, 2.5, 0.5], "texture": "#2"}
			}
		},
		{
			"from": [7.5, 15, 8],
			"to": [8, 15.5, 8.5],
			"faces": {
				"north": {"uv": [2, 0, 2.5, 0.5], "texture": "#2"},
				"east": {"uv": [2, 0, 2.5, 0.5], "texture": "#2"},
				"south": {"uv": [2, 0, 2.5, 0.5], "texture": "#2"},
				"west": {"uv": [2, 0, 2.5, 0.5], "texture": "#2"},
				"up": {"uv": [2, 0, 2.5, 0.5], "texture": "#2"},
				"down": {"uv": [2, 0, 2.5, 0.5], "texture": "#2"}
			}
		},
		{
			"from": [8, 14.5, 7],
			"to": [8.5, 15, 7.5],
			"faces": {
				"north": {"uv": [2, 0, 2.5, 0.5], "texture": "#2"},
				"east": {"uv": [2, 0, 2.5, 0.5], "texture": "#2"},
				"south": {"uv": [2, 0, 2.5, 0.5], "texture": "#2"},
				"west": {"uv": [2, 0, 2.5, 0.5], "texture": "#2"},
				"up": {"uv": [2, 0, 2.5, 0.5], "texture": "#2"},
				"down": {"uv": [2, 0, 2.5, 0.5], "texture": "#2"}
			}
		},
		{
			"from": [7.5, 14, 6.5],
			"to": [8, 14.5, 7],
			"faces": {
				"north": {"uv": [2, 0, 2.5, 0.5], "texture": "#2"},
				"east": {"uv": [2, 0, 2.5, 0.5], "texture": "#2"},
				"south": {"uv": [2, 0, 2.5, 0.5], "texture": "#2"},
				"west": {"uv": [2, 0, 2.5, 0.5], "texture": "#2"},
				"up": {"uv": [2, 0, 2.5, 0.5], "texture": "#2"},
				"down": {"uv": [2, 0, 2.5, 0.5], "texture": "#2"}
			}
		},
		{
			"from": [7.5, 13.5, 6.5],
			"to": [8, 14, 7],
			"faces": {
				"north": {"uv": [2, 0, 2.5, 0.5], "texture": "#2"},
				"east": {"uv": [2, 0, 2.5, 0.5], "texture": "#2"},
				"south": {"uv": [2, 0, 2.5, 0.5], "texture": "#2"},
				"west": {"uv": [2, 0, 2.5, 0.5], "texture": "#2"},
				"up": {"uv": [2, 0, 2.5, 0.5], "texture": "#2"},
				"down": {"uv": [2, 0, 2.5, 0.5], "texture": "#2"}
			}
		},
		{
			"from": [8.5, 14, 7],
			"to": [9, 14.5, 7.5],
			"faces": {
				"north": {"uv": [2, 0, 2.5, 0.5], "texture": "#2"},
				"east": {"uv": [2, 0, 2.5, 0.5], "texture": "#2"},
				"south": {"uv": [2, 0, 2.5, 0.5], "texture": "#2"},
				"west": {"uv": [2, 0, 2.5, 0.5], "texture": "#2"},
				"up": {"uv": [2, 0, 2.5, 0.5], "texture": "#2"},
				"down": {"uv": [2, 0, 2.5, 0.5], "texture": "#2"}
			}
		},
		{
			"from": [8.5, 13, 6.5],
			"to": [9, 13.5, 7],
			"faces": {
				"north": {"uv": [2, 0, 2.5, 0.5], "texture": "#2"},
				"east": {"uv": [2, 0, 2.5, 0.5], "texture": "#2"},
				"south": {"uv": [2, 0, 2.5, 0.5], "texture": "#2"},
				"west": {"uv": [2, 0, 2.5, 0.5], "texture": "#2"},
				"up": {"uv": [2, 0, 2.5, 0.5], "texture": "#2"},
				"down": {"uv": [2, 0, 2.5, 0.5], "texture": "#2"}
			}
		},
		{
			"from": [8.5, 13.5, 8],
			"to": [9, 14, 8.5],
			"faces": {
				"north": {"uv": [1, 0, 1.5, 0.5], "texture": "#2"},
				"east": {"uv": [1, 0, 1.5, 0.5], "texture": "#2"},
				"south": {"uv": [1, 0, 1.5, 0.5], "texture": "#2"},
				"west": {"uv": [1, 0, 1.5, 0.5], "texture": "#2"},
				"up": {"uv": [1, 0, 1.5, 0.5], "texture": "#2"},
				"down": {"uv": [1, 0, 1.5, 0.5], "texture": "#2"}
			}
		},
		{
			"from": [8.5, 14, 8],
			"to": [9, 14.5, 8.5],
			"faces": {
				"north": {"uv": [1, 0, 1.5, 0.5], "texture": "#2"},
				"east": {"uv": [1, 0, 1.5, 0.5], "texture": "#2"},
				"south": {"uv": [1, 0, 1.5, 0.5], "texture": "#2"},
				"west": {"uv": [1, 0, 1.5, 0.5], "texture": "#2"},
				"up": {"uv": [1, 0, 1.5, 0.5], "texture": "#2"},
				"down": {"uv": [1, 0, 1.5, 0.5], "texture": "#2"}
			}
		},
		{
			"from": [8, 16.5, 7.5],
			"to": [8.5, 17, 8],
			"faces": {
				"north": {"uv": [2, 0, 2.5, 0.5], "texture": "#2"},
				"east": {"uv": [2, 0, 2.5, 0.5], "texture": "#2"},
				"south": {"uv": [2, 0, 2.5, 0.5], "texture": "#2"},
				"west": {"uv": [2, 0, 2.5, 0.5], "texture": "#2"},
				"up": {"uv": [2, 0, 2.5, 0.5], "texture": "#2"},
				"down": {"uv": [2, 0, 2.5, 0.5], "texture": "#2"}
			}
		},
		{
			"from": [7.5, 15.5, 7.5],
			"to": [8, 16, 8],
			"faces": {
				"north": {"uv": [2, 0, 2.5, 0.5], "texture": "#2"},
				"east": {"uv": [2, 0, 2.5, 0.5], "texture": "#2"},
				"south": {"uv": [2, 0, 2.5, 0.5], "texture": "#2"},
				"west": {"uv": [2, 0, 2.5, 0.5], "texture": "#2"},
				"up": {"uv": [2, 0, 2.5, 0.5], "texture": "#2"},
				"down": {"uv": [2, 0, 2.5, 0.5], "texture": "#2"}
			}
		},
		{
			"from": [8, 15.5, 8],
			"to": [8.5, 16, 8.5],
			"faces": {
				"north": {"uv": [1, 0, 1.5, 0.5], "texture": "#2"},
				"east": {"uv": [1, 0, 1.5, 0.5], "texture": "#2"},
				"south": {"uv": [1, 0, 1.5, 0.5], "texture": "#2"},
				"west": {"uv": [1, 0, 1.5, 0.5], "texture": "#2"},
				"up": {"uv": [1, 0, 1.5, 0.5], "texture": "#2"},
				"down": {"uv": [1, 0, 1.5, 0.5], "texture": "#2"}
			}
		},
		{
			"from": [7, 14.5, 7],
			"to": [7.5, 15, 7.5],
			"faces": {
				"north": {"uv": [1, 0, 1.5, 0.5], "texture": "#2"},
				"east": {"uv": [1, 0, 1.5, 0.5], "texture": "#2"},
				"south": {"uv": [1, 0, 1.5, 0.5], "texture": "#2"},
				"west": {"uv": [1, 0, 1.5, 0.5], "texture": "#2"},
				"up": {"uv": [1, 0, 1.5, 0.5], "texture": "#2"},
				"down": {"uv": [1, 0, 1.5, 0.5], "texture": "#2"}
			}
		},
		{
			"from": [7, 14.5, 8],
			"to": [7.5, 15, 8.5],
			"faces": {
				"north": {"uv": [2, 0, 2.5, 0.5], "texture": "#2"},
				"east": {"uv": [2, 0, 2.5, 0.5], "texture": "#2"},
				"south": {"uv": [2, 0, 2.5, 0.5], "texture": "#2"},
				"west": {"uv": [2, 0, 2.5, 0.5], "texture": "#2"},
				"up": {"uv": [2, 0, 2.5, 0.5], "texture": "#2"},
				"down": {"uv": [2, 0, 2.5, 0.5], "texture": "#2"}
			}
		},
		{
			"from": [7.5, 15.5, 8],
			"to": [8, 16, 8.5],
			"faces": {
				"north": {"uv": [2, 0, 2.5, 0.5], "texture": "#2"},
				"east": {"uv": [2, 0, 2.5, 0.5], "texture": "#2"},
				"south": {"uv": [2, 0, 2.5, 0.5], "texture": "#2"},
				"west": {"uv": [2, 0, 2.5, 0.5], "texture": "#2"},
				"up": {"uv": [2, 0, 2.5, 0.5], "texture": "#2"},
				"down": {"uv": [2, 0, 2.5, 0.5], "texture": "#2"}
			}
		}
	],
	"display": {
		"thirdperson_lefthand": {
			"translation": [0, 2.75, 0]
		},
		"ground": {
			"rotation": [-36.75, 0, 55.5],
			"translation": [0, 0.75, 0],
			"scale": [0.75, 0.75, 0.75]
		},
		"gui": {
			"rotation": [0, 0, -43.5],
			"scale": [1.25, 1.25, 1.25]
		},
		"head": {
			"rotation": [-49.5, 0, 0],
			"translation": [0, 6.25, -7.5]
		},
		"fixed": {
			"translation": [0, 0, -1]
		}
	},
	"groups": [
		{
			"name": "wood",
			"children": [0]
		},
		{
			"name": "metall",
			"children": [1, 2, 3, 4, 5, 6, 7, 8, 9, 10, 11]
		},
		{
			"name": "cristall2",
			"children": [12, 13, 14, 15, 16, 17, 18, 19, 20, 21, 22, 23, 24, 25, 26, 27, 28, 29, 30, 31, 32, 33, 34, 35, 36, 37, 38, 39, 40, 41, 42, 43, 44, 45, 46, 47, 48, 49, 50, 51, 52, 53, 54, 55, 56, 57, 58, 59, 60, 61, 62, 63, 64, 65, 66, 67, 68, 69, 70, 71, 72, 73, 74, 75, 76, 77, 78, 79, 80, 81, 82, 83, 84, 85, 86]
		}
	]
}
