{
	"credit": "Made with Blockbench",
	"parent": "item/handheld",
	"textures": {
		"layer0": "weapon/long_sword"
	},
	"display": {
		"thirdperson_righthand": {
			"rotation": [0, -90, 55],
			"translation": [0, 5.25, 0.5],
			"scale": [1.3, 1.3, 0.85]
		},
		"thirdperson_lefthand": {
			"rotation": [0, 90, -55],
			"translation": [0, 5.25, 0.5],
			"scale": [1.3, 1.3, 0.85]
		},
		"firstperson_righthand": {
			"rotation": [0, -90, 55],
			"translation": [5.13, 5.7, -0.37],
			"scale": [1.3, 1.3, 0.85]
		},
		"firstperson_lefthand": {
			"rotation": [0, 90, -55],
			"translation": [5.13, 5.7, -0.37],
			"scale": [1.3, 1.3, 0.85]
		},
		"ground": {
			"translation": [0, 3.25, 0]
		},
		"head": {
			"rotation": [-23, 89.5, 0],
			"translation": [0, 6.75, -10.5]
		}
	}
}
