{
  "custom.frog":{ "sounds":[ "custom/frog"] },
  "custom.frog_hurt":{ "sounds":[ "custom/frog_hurt"] },

  "custom.goblin_death":{ "sounds":[ "custom/goblin_death" ] },
  "custom.goblin_flat":{ "sounds":[ "custom/goblin_flat" ] },

  "custom.goblin_laugh_1":{ "sounds":[ "custom/goblin_laugh_1" ] },
  "custom.goblin_laugh_2":{ "sounds":[ "custom/goblin_laugh_2" ] },

  "custom.sg_split":{ "sounds":[ "custom/sg_split" ] },
  "custom.sg_hurt":{ "sounds":[ "custom/sg_hurt" ] },
  "custom.sg_move_1":{ "sounds":[ "custom/sg_move_1" ] },
  "custom.sg_move_2":{ "sounds":[ "custom/sg_move_2" ] }
}
